{
  "RequestURL": "https://api.sakari.io/v1/accounts/5c58bb1c585e34634578f16e/contacts/contactId",
  "data": [
    {
      "contact": {
        "firstName": "Chris",
        "lastName": "Sakari",
        "email": "abc@abc.com",
        "mobile": {
          "number": "+18663050216"
        }
      }
    },
    {
      "contact": {
        "firstName": "JOhn",
        "lastName": "Sakari",
        "email": "abc@abc.com",
        "mobile": {
          "number": "+18663050216"
        }
      }
    },
    {
      "contact": {
        "firstName": "Rick",
        "lastName": "Sakari",
        "email": "abc@abc.com",
        "mobile": {
          "number": "+18663050216"
        }
      }
    }
  ]
}
